bedrooms,bathrooms,sqft_living,sqft_lot,floors,waterfront,view,condition,sqft_above,sqft_basement,yr_built,yr_renovated,street,city,statezip,country,price
6,1,850,8700,1.5,0,0,4,650,200,2019,2019,1200-1298 Pine St,Kirkland,WA 98033,USA,39.06
2,1.5,3900,18200,1.5,0,1,3,3850,50,2007,0,450-598 Cedar Ave,Maple Valley,WA 98038,USA,101.69
6,2.5,2850,6750,1.5,1,0,2,2450,400,1962,0,3838-4098 44th Ave NE,Tacoma,WA 98402,USA,95.78
6,2.5,4100,13700,1,0,2,3,3750,350,1996,0,2100-2198 Lakeview Dr,Seattle,WA 98101,USA,102.43
3,1,2150,12200,2,0,2,3,2000,150,1995,0,450-598 Cedar Ave,Seattle,WA 98101,USA,71.85
5,3.5,2250,14300,2.5,0,3,4,2000,250,1978,0,3838-4098 44th Ave NE,Maple Valley,WA 98038,USA,78.01
3,2.5,2400,7900,3,0,0,3,2300,100,2000,0,2100-2198 Lakeview Dr,Bellevue,WA 98004,USA,69.14
6,3,4100,19000,2.5,0,0,3,3300,800,1967,0,900-998 Meadowbrook Rd,Seattle,WA 98101,USA,111.64
1,1.5,1700,17700,1,0,0,3,1050,650,1982,0,2400-2498 Hillcrest Way,Seattle,WA 98101,USA,56.21
3,4,2850,10350,2.5,0,0,4,2700,150,1983,0,900-998 Meadowbrook Rd,Federal Way,WA 98003,USA,90.05
6,2,3900,7800,2,0,0,4,3300,600,2017,2017,1200-1298 Pine St,Redmond,WA 98052,USA,103.22
3,4,2650,4050,1.5,0,3,2,2300,350,2012,0,450-598 Cedar Ave,Federal Way,WA 98003,USA,87.3
6,2.5,4200,10900,3,0,0,3,3700,500,2019,0,1100-1198 Evergreen Ln,Renton,WA 98055,USA,107.88
6,2,3500,15000,1,0,0,1,1850,1650,2020,2021,200-298 Cherry St,Kent,WA 98031,USA,82.62
6,1,2150,3300,2,0,0,3,2050,100,1977,0,2100-2198 Lakeview Dr,Tacoma,WA 98402,USA,70.52
4,4,3300,5700,1,0,0,3,2700,600,1956,0,1600-1698 Oak Ave,Maple Valley,WA 98038,USA,87.74
1,1.5,1900,16200,2.5,0,0,3,1600,300,1959,2008,2400-2498 Hillcrest Way,Seattle,WA 98101,USA,51.96
1,1,2200,12900,2.5,0,2,4,1950,250,1971,0,1750-1848 Highland Dr,Kirkland,WA 98033,USA,66.59
4,2,3400,7300,1.5,0,3,3,1850,1550,2019,0,850-948 Sunset Blvd,Maple Valley,WA 98038,USA,89.75
5,4,4050,5450,3,0,0,3,3550,500,1980,0,510-598 Park Ave,Tacoma,WA 98402,USA,103.14
1,3,1200,19300,3,0,0,3,900,300,1990,0,1100-1198 Evergreen Ln,Kirkland,WA 98033,USA,43.19
3,2.5,2700,4500,1,0,4,5,1500,1200,1959,0,3200-3298 Brookside Ave,Federal Way,WA 98003,USA,84.34
3,1,2250,9700,1.5,0,0,3,1700,550,2017,2017,1200-1298 Pine St,Renton,WA 98055,USA,73.06
2,2,1400,5200,3,0,0,3,700,700,1993,0,3200-3298 Brookside Ave,Federal Way,WA 98003,USA,52.72
1,1,3400,4500,1,0,0,5,2550,850,1970,2008,1200-1298 Pine St,Kirkland,WA 98033,USA,87.07
1,3.5,1650,11900,3,0,0,2,1600,50,1996,0,2100-2198 Lakeview Dr,Redmond,WA 98052,USA,51.76
6,1,2950,17250,2.5,1,1,4,1750,1200,1980,0,200-298 Cherry St,Kirkland,WA 98033,USA,98.75
3,4,3300,10100,1.5,0,0,4,2550,750,2010,0,900-998 Meadowbrook Rd,Auburn,WA 98002,USA,87.64
2,1.5,850,12700,2,0,0,4,700,150,1994,2019,1200-1298 Pine St,Redmond,WA 98052,USA,49.33
3,1.5,2350,5200,3,0,1,3,2300,50,2015,0,3838-4098 44th Ave NE,Tacoma,WA 98402,USA,68.34
6,2.5,700,11800,2.5,0,1,3,550,150,1990,0,300-398 River Rd,Federal Way,WA 98003,USA,45.2
3,2.5,2550,5750,1.5,0,3,3,1700,850,1972,2019,900-998 Meadowbrook Rd,Renton,WA 98055,USA,79.35
1,2,2500,13500,3,0,0,3,2200,300,1977,0,700-798 Maple St,Bellevue,WA 98004,USA,73.84
5,3.5,2800,8800,2,0,0,1,2700,100,1981,2011,3200-3298 Brookside Ave,Seattle,WA 98101,USA,79.09
6,3,1900,15100,2.5,0,1,1,1300,600,1963,0,200-298 Cherry St,Bellevue,WA 98004,USA,72.52
5,2.5,1000,8800,1,0,2,3,600,400,2021,0,200-298 Cherry St,Auburn,WA 98002,USA,54.3
5,2.5,4200,8200,2.5,0,1,4,2800,1400,1985,0,1200-1298 Pine St,Kent,WA 98031,USA,107.64
6,2,2200,11000,2,0,0,3,1800,400,1999,0,300-398 River Rd,Kent,WA 98031,USA,64.43
3,3,3650,5150,1.5,0,0,4,2350,1300,1952,0,1600-1698 Oak Ave,Auburn,WA 98002,USA,87.24
3,4,3150,16850,3,0,2,3,1850,1300,1984,0,1100-1198 Evergreen Ln,Maple Valley,WA 98038,USA,91.42
6,4,3250,15150,1.5,1,0,4,2750,500,2022,0,850-948 Sunset Blvd,Kirkland,WA 98033,USA,105.52
2,1,2350,10800,1.5,0,0,4,1750,600,1985,0,200-298 Cherry St,Seattle,WA 98101,USA,67.47
5,1,2900,19500,1,0,1,4,2550,350,1981,0,450-598 Cedar Ave,Tacoma,WA 98402,USA,78.24
4,3.5,1400,8000,2.5,0,1,3,950,450,1964,0,3200-3298 Brookside Ave,Seattle,WA 98101,USA,60.51
3,3,3100,8100,1,0,2,3,1850,1250,1988,1995,300-398 River Rd,Maple Valley,WA 98038,USA,85.66
6,2,1100,19000,2,0,0,3,700,400,2005,0,200-298 Cherry St,Bellevue,WA 98004,USA,50.57
5,3.5,2400,16200,2.5,0,2,3,1450,950,1991,0,2100-2198 Lakeview Dr,Renton,WA 98055,USA,87.26
4,3,3100,3800,2.5,0,0,3,2050,1050,1983,0,700-798 Maple St,Tacoma,WA 98402,USA,89.97
5,1,4000,6100,1.5,0,0,4,3400,600,2010,0,2100-2198 Lakeview Dr,Maple Valley,WA 98038,USA,95.34
4,3.5,2250,19400,3,0,0,3,1800,450,2020,0,700-798 Maple St,Auburn,WA 98002,USA,69.13
2,1,1900,5500,3,1,1,3,1400,500,2011,2015,1200-1298 Pine St,Federal Way,WA 98003,USA,82.75
2,2,2150,7000,2,0,0,3,1600,550,1956,0,1750-1848 Highland Dr,Bellevue,WA 98004,USA,67.11
4,1,750,14500,2.5,0,0,2,550,200,2011,0,510-598 Park Ave,Kirkland,WA 98033,USA,40.52
6,3.5,1000,6300,3,1,0,3,900,100,2021,2024,2100-2198 Lakeview Dr,Tacoma,WA 98402,USA,75.75
5,2.5,3550,11150,3,1,0,3,2150,1400,1962,0,450-598 Cedar Ave,Renton,WA 98055,USA,116.97
2,1.5,4200,8200,1,0,1,3,4000,200,1954,0,850-948 Sunset Blvd,Renton,WA 98055,USA,105.45
1,3.5,2150,18500,3,0,3,3,1750,400,2019,0,1200-1298 Pine St,Renton,WA 98055,USA,79.53
1,1.5,2650,17150,2,0,0,3,1700,950,2001,2009,1200-1298 Pine St,Federal Way,WA 98003,USA,71.8
5,1,3450,18850,2,0,0,3,2450,1000,2023,0,1750-1848 Highland Dr,Renton,WA 98055,USA,92.52
2,2.5,4000,11100,1.5,1,0,4,2600,1400,1961,0,1100-1198 Evergreen Ln,Kirkland,WA 98033,USA,114.78
1,4,1700,13000,2.5,0,3,4,1200,500,2020,0,1600-1698 Oak Ave,Seattle,WA 98101,USA,64.48
1,4,3250,3250,3,0,0,3,1650,1600,2013,0,2400-2498 Hillcrest Way,Maple Valley,WA 98038,USA,82.46
2,2,3500,6600,1,1,0,3,1950,1550,1970,1999,1200-1298 Pine St,Maple Valley,WA 98038,USA,106.54
2,4,1400,5500,1.5,0,1,3,1050,350,1984,0,2400-2498 Hillcrest Way,Auburn,WA 98002,USA,51.45
2,2.5,1900,15500,1.5,0,0,4,950,950,2003,2013,700-798 Maple St,Renton,WA 98055,USA,66.78
6,2,3800,15200,3,0,0,4,3350,450,1998,0,2100-2198 Lakeview Dr,Kent,WA 98031,USA,110.79
5,2.5,2150,3600,2,0,1,4,1500,650,1999,0,450-598 Cedar Ave,Auburn,WA 98002,USA,81.04
5,3,2800,5300,2.5,0,2,1,1450,1350,1968,0,700-798 Maple St,Seattle,WA 98101,USA,84.46
3,3,3200,11600,3,0,0,4,2950,250,2012,2025,2100-2198 Lakeview Dr,Maple Valley,WA 98038,USA,91.18
6,3.5,2500,4800,2.5,1,1,4,2150,350,1962,0,3838-4098 44th Ave NE,Renton,WA 98055,USA,107.7
3,4,1050,11600,2,0,0,3,850,200,1973,0,300-398 River Rd,Seattle,WA 98101,USA,50.65
5,3.5,2200,17400,1.5,0,1,3,1450,750,1951,0,850-948 Sunset Blvd,Federal Way,WA 98003,USA,68.08
3,3,2600,13400,2,0,0,5,1600,1000,2011,0,510-598 Park Ave,Kirkland,WA 98033,USA,79.55
3,3.5,2550,19350,2.5,0,0,4,2550,0,1956,0,2100-2198 Lakeview Dr,Renton,WA 98055,USA,81.86
5,4,2950,19150,1.5,0,1,4,2600,350,1967,0,850-948 Sunset Blvd,Maple Valley,WA 98038,USA,85.99
1,3,3000,6300,1,0,0,3,1850,1150,1975,1988,3200-3298 Brookside Ave,Redmond,WA 98052,USA,78.99
3,4,1750,14800,2,0,0,2,1350,400,1959,0,1750-1848 Highland Dr,Kirkland,WA 98033,USA,67.58
5,2,1250,12600,1,0,0,3,650,600,1983,0,2100-2198 Lakeview Dr,Redmond,WA 98052,USA,45.13
4,1,2750,8350,1,0,0,4,1800,950,2002,0,700-798 Maple St,Maple Valley,WA 98038,USA,84.34
4,1,1300,16200,1.5,0,0,4,1150,150,2019,2022,1100-1198 Evergreen Ln,Bellevue,WA 98004,USA,58.02
1,4,3800,10900,1,0,0,3,2500,1300,1980,0,1100-1198 Evergreen Ln,Redmond,WA 98052,USA,94.81
3,1,3200,8000,1,1,2,2,2350,850,1977,2021,1600-1698 Oak Ave,Maple Valley,WA 98038,USA,96.91
2,1.5,2000,16600,1.5,0,2,3,1900,100,1968,0,450-598 Cedar Ave,Renton,WA 98055,USA,71.58
2,3,2300,5300,1,0,0,4,2050,250,1991,0,200-298 Cherry St,Renton,WA 98055,USA,61.54
4,3,1400,4100,2.5,0,0,3,850,550,2007,0,1750-1848 Highland Dr,Tacoma,WA 98402,USA,48.84
6,3,2600,19000,1,0,0,3,1900,700,1963,0,1600-1698 Oak Ave,Seattle,WA 98101,USA,84.69
5,1.5,1100,9500,3,0,0,3,1000,100,2017,0,1200-1298 Pine St,Federal Way,WA 98003,USA,52.79
6,1,4200,15200,2.5,0,0,4,3550,650,2001,0,1100-1198 Evergreen Ln,Redmond,WA 98052,USA,107.18
3,2,1650,4200,1,0,0,2,900,750,1997,0,2400-2498 Hillcrest Way,Federal Way,WA 98003,USA,47.36
5,2,1450,11500,2.5,0,1,5,1150,300,1989,0,450-598 Cedar Ave,Tacoma,WA 98402,USA,62.67
6,2.5,2100,11400,3,0,1,3,1950,150,2004,2021,2400-2498 Hillcrest Way,Tacoma,WA 98402,USA,77
1,3,2400,7100,2,0,0,3,2400,0,1950,0,1200-1298 Pine St,Tacoma,WA 98402,USA,71.72
2,3.5,850,16000,1.5,0,0,3,800,50,1989,2009,3838-4098 44th Ave NE,Tacoma,WA 98402,USA,35.91
2,1.5,1000,4500,2,0,0,3,500,500,2003,0,300-398 River Rd,Federal Way,WA 98003,USA,37.42
1,2,3800,11600,1,0,4,2,2150,1650,1976,0,700-798 Maple St,Bellevue,WA 98004,USA,104.53
3,1,700,13500,1.5,0,0,3,350,350,2021,0,3838-4098 44th Ave NE,Kirkland,WA 98033,USA,44.04
4,1,3600,11600,3,0,0,3,3400,200,1987,0,450-598 Cedar Ave,Maple Valley,WA 98038,USA,101.56
5,2.5,3000,14100,1,0,0,3,2900,100,2000,0,450-598 Cedar Ave,Kent,WA 98031,USA,80.83
1,3,1400,15500,1.5,0,0,4,1000,400,1968,0,450-598 Cedar Ave,Bellevue,WA 98004,USA,47.95
5,1.5,1150,18500,2.5,0,0,3,1050,100,2022,0,850-948 Sunset Blvd,Bellevue,WA 98004,USA,50.29
